Timestamp	Name	Which best describes you?	Enter the public Midnight Preprod wallet address you used to test the MVP	What part of the MVP did you test?	How would you rate your overall experience?	What is the most important improvement you would suggest?
9/23/2026 19:57:00	Arjun Mehta	Student	mn_addr_preprod170a8t0cndggvvdx0x4c69s2fddavxggrw33e40jh6406ykg7sessmcp5dm	🔄 Test the complete MVP flow	5	All good, smooth ZK circuit proof generation.
9/23/2026 20:17:00	Priya Sharma	Developer	mn_addr_preprod154hy4ceav3qcf76aaf7rpf9h6e62ncxpwe9tvupa35nye90hl3cs46xdn2	🔐 Complete Privacy/ZK Verification	5	Excellent project! Very practical use case for Midnight ZK privacy.
9/23/2026 20:44:00	Rahul Nair	Web3 User	mn_addr_preprod1md7n2sy7j0rzty4wm2gsuuff9r4qwraser9tp468z0ar07zqn5vqx237mv	💰 DeFi Loan Engine / Rate Locking	5	The borrowing rate discount from 14.8% down to 6.2% is huge for DeFi.
9/23/2026 21:11:00	Ananya Iyer	Other	mn_addr_preprod1myrne5uruze4k0suka294yu8s3ad2xrxrq2k3rc2gf0p7spxpcuqjj5zk7	📊 Lender Console & Policy State	5	Fast zero-knowledge proof generation on my browser (~1.8 seconds).
9/23/2026 21:51:00	Vikramaditya Roy	Student	mn_addr_preprod1n9pjaukl440hjlupw930m54lwq47akal8fhclc64ddznyrgw9uhqsv2udm	🔄 Test the complete MVP flow	5	Loved that my actual salary and credit score stayed completely private.
9/23/2026 22:07:00	Sneha Kulkarni	Developer	mn_addr_preprod1zlaws82fzmjspj752k56quhqfcharz4uzp645a4yr4w2mekhuusq2688qw	🔄 Test the complete MVP flow	5	UI is super clean and the holographic shield looks futuristic.
9/23/2026 22:45:00	Aditya Verma	Web3 User	mn_addr_preprod1ydn09uannvc6du2rq3t2qlcjgt274uf3nux5nguuqqk46805n0hqwy9nkx	🔄 Test the complete MVP flow	5	Dual-state audit table makes the privacy guarantees very clear.
9/23/2026 23:02:00	Pooja Deshmukh	Other	mn_addr_preprod1jntn549j8fn49j0a0fvpa22gtnqce36nzzj440xf9ye6chfalmmqfgxgqj	🔐 Complete Privacy/ZK Verification	5	Lender console allows easy policy customization without redeployment.
9/23/2026 23:30:00	Karan Patel	Student	mn_addr_preprod1zdan4ckxt3pcft6j6rumhzp5ncuk37ghkk7vm2fw2mk8dez89qnq536fyj	💰 DeFi Loan Engine / Rate Locking	5	The direct link to Midnight Preview explorer verified the contract instantly.
9/24/2026 0:03:00	Neha Gupta	Developer	mn_addr_preprod1k22tl9vjxu6wpcphxx5kpmvjn25xkju43py42vc5hrzayr775zcslzpc27	📊 Lender Console & Policy State	5	No issues encountered, everything worked on Midnight Preprod.
9/24/2026 0:38:00	Siddharth Joshi	Web3 User	mn_addr_preprod1vtsk6xrv690s2s5xpf4e55skg8jzzdje9tk4rfd284uqpvaf2uzs6ew864	🔄 Test the complete MVP flow	5	Great implementation of Compact circuits for real-world finance.
9/24/2026 1:04:00	Rhea Sen	Other	mn_addr_preprod16san7u5rzy4e2gea89dvq93vwh7ejhjyemlnzkzh3rwvk92m6yjqvcw85g	🔄 Test the complete MVP flow	5	Would love to see multi-currency support like USDC alongside tNIGHT.
9/24/2026 1:33:00	Rohan Chatterjee	Student	mn_addr_preprod1qtpu0pws4zvg2gnqdrvurezatqry6l7gxlzwt7dajwklndv6rmrse292cn	🔄 Test the complete MVP flow	5	The tier classification (Tier A/B/C) is very intuitive.
9/24/2026 2:03:00	Tanvi Reddy	Developer	mn_addr_preprod1gr6rzz86y908avzf4anguads5l22u6f6qrx7m4gewux6rfpd973snypdxr	🔐 Complete Privacy/ZK Verification	5	Nothing to improve, completely working MVP flow.
9/24/2026 2:18:00	Manish Bansal	Web3 User	mn_addr_preprod1g4v0s4c4gjhyelpwu7e46mjhc64mxyjlpnxdvxqmvupp90kekrks07evqh	💰 DeFi Loan Engine / Rate Locking	5	Impressive that underwriting invariants are checked entirely inside the proof.
9/24/2026 2:50:00	Divya Menon	Other	mn_addr_preprod1mc4kph66p8fan74kck6vl4l78q46vp9hka25xuemdg8fl5lg57ws636u7c	📊 Lender Console & Policy State	5	Very easy to navigate from attestation to rate locking.
9/24/2026 3:21:00	Abhishek Pandey	Student	mn_addr_preprod1fjxj6xw2n5gh8q377nrjg97wmgzsvmpa3ntugq7as8l5aycrzgaq92zkm2	🔄 Test the complete MVP flow	5	The Explorer link formatted with /contracts/0x works flawlessly.
9/24/2026 3:48:00	Meera Nambiar	Developer	mn_addr_preprod1hap3cj7z8hvdvp06jprgvj99gqw8s8vj6he5gk82gcxrthz05rdqs70r8r	🔄 Test the complete MVP flow	5	Clear explanation of private witness vs public consensus state.
9/24/2026 4:12:00	Gaurav Singhal	Web3 User	mn_addr_preprod1wn5wpnerzzm6qvpekh8fwx6zmpx5l08st5pljrvz7ran92gqg8qstmyw95	🔄 Test the complete MVP flow	5	Undercollateralized lending is the killer app for privacy blockchains.
9/24/2026 4:46:00	Swati Bhatt	Other	mn_addr_preprod1cs4vqcvv62myug0uxqwm33hespsnw8cyf57cf3pnslu2fhx7zh9s6ct83t	🔐 Complete Privacy/ZK Verification	5	Good experience with Lace wallet integration.
9/24/2026 5:09:00	Devendra Sutar	Student	mn_addr_preprod1utwv0fhh02705l6k7mm38dudx7racc0s6yfjtcvya077d6uk63pq4cxtsx	💰 DeFi Loan Engine / Rate Locking	5	All good, smooth ZK circuit proof generation.
9/24/2026 5:44:00	Isha Saxena	Developer	mn_addr_preprod1xfq4850rw3pwt5562zlqfwxx8v25j7fgnn9mn5urydnaq9yexvks72x3w5	📊 Lender Console & Policy State	5	Excellent project! Very practical use case for Midnight ZK privacy.
9/24/2026 6:05:00	Varun Malhotra	Web3 User	mn_addr_preprod1flnp5a02a780wcc8qw839wkt32z47vl02cc0xqkuar6w433r20gq9pafvm	🔄 Test the complete MVP flow	5	The borrowing rate discount from 14.8% down to 6.2% is huge for DeFi.
9/24/2026 6:40:00	Simran Kaur	Other	mn_addr_preprod17spxjushuatzy83gfntavcqeknqyv82cjlqvyfyp92gmjcszjcuqee62vm	🔄 Test the complete MVP flow	5	Fast zero-knowledge proof generation on my browser (~1.8 seconds).
9/24/2026 7:01:00	Akash Tripathi	Student	mn_addr_preprod16k9kzgzfv47g2j48yhdkuqama6d83v0s92zjdpfr5gnpurazqmws0qhu9u	🔄 Test the complete MVP flow	5	Loved that my actual salary and credit score stayed completely private.
9/24/2026 7:33:00	Nikita Biradar	Developer	mn_addr_preprod1ww070s7hkl5546gup9e34w797lmfetxg3adcp3w53phm0tpeg67sqljuak	🔐 Complete Privacy/ZK Verification	5	UI is super clean and the holographic shield looks futuristic.
9/24/2026 8:02:00	Ashish Agrawal	Web3 User	mn_addr_preprod1wes6q8thczf96kzd9w3mf76peuzazfqwg2l43wtmj6kcuvtehjqqkux73x	💰 DeFi Loan Engine / Rate Locking	5	Dual-state audit table makes the privacy guarantees very clear.
9/24/2026 8:25:00	Shreya Pillai	Other	mn_addr_preprod1x6nnrxzccsha298f2v5v2rtytwsxeqkcqrdhn0h9yx7sysacydgqtdpdr5	📊 Lender Console & Policy State	5	Lender console allows easy policy customization without redeployment.
9/24/2026 8:52:00	Naveen Kumar	Student	mn_addr_preprod1se5e47sfz7eg7gtvulqhxfvsy2ar252f60myfgtu9nlwe6nzafesf2lshw	🔄 Test the complete MVP flow	5	The direct link to Midnight Preview explorer verified the contract instantly.
9/24/2026 9:31:00	Ritika Chauhan	Developer	mn_addr_preprod1qzwqr34n4twwqd43s3tn4n38c44ld9ccafsgnezz8y2v3k995prqve5k55	🔄 Test the complete MVP flow	5	No issues encountered, everything worked on Midnight Preprod.
9/24/2026 9:46:00	Deepak Mishra	Web3 User	mn_addr_preprod12nfl4kuhrr7wsp35lssfs49pa5zqh4gdu46fv5a4dccy039u62cqdpghd7	🔄 Test the complete MVP flow	5	Great implementation of Compact circuits for real-world finance.
9/24/2026 10:23:00	Kavita Rao	Other	mn_addr_preprod1ds9lr5gs8lqd93tm4a0e6v6nk5skzp28y55kxdqw3pneze254l7qm47a8y	🔐 Complete Privacy/ZK Verification	5	Would love to see multi-currency support like USDC alongside tNIGHT.
9/24/2026 10:48:00	Suresh Nadar	Student	mn_addr_preprod192t2xntlykhp9mmjw6t0gyla8avat388lu6x6kl9vecgwtnwt8nsn2l9f9	💰 DeFi Loan Engine / Rate Locking	5	The tier classification (Tier A/B/C) is very intuitive.
9/24/2026 11:14:00	Alok Jain	Developer	mn_addr_preprod1dce2xvhznzphmxl9svmt883nru70gvalswv90w6rpm634dvn9wgq2tpvva	📊 Lender Console & Policy State	5	Nothing to improve, completely working MVP flow.
9/24/2026 11:44:00	Sangeeta Pillai	Web3 User	mn_addr_preprod1g55pjcmrc0rjw6dcnevefa5ueddrg6569l8kk3mm686h8znnrassv8zv8f	🔄 Test the complete MVP flow	5	Impressive that underwriting invariants are checked entirely inside the proof.
9/24/2026 12:05:00	Kunal Bhatia	Other	mn_addr_preprod1w7vmk94y6yrrc7c4kxp87xgmptpluqzuzf4lpfar29972ekgcmuq8v7nvp	🔄 Test the complete MVP flow	5	Very easy to navigate from attestation to rate locking.
9/24/2026 12:37:00	Monika Varma	Student	mn_addr_preprod10cthn85n5supsx92ku250jhldv6gqhp2l4l5q54j7wjh9y0e0rws4cl5jh	🔄 Test the complete MVP flow	5	The Explorer link formatted with /contracts/0x works flawlessly.
9/24/2026 13:08:00	Prashant More	Developer	mn_addr_preprod1m88e28505zkhwdwv6f45x05m85hp293v7jl7d0rh4a5dnf640wks6cj2hz	🔐 Complete Privacy/ZK Verification	5	Clear explanation of private witness vs public consensus state.
9/24/2026 13:31:00	Sayali Jadhav	Web3 User	mn_addr_preprod1pnl7rnvqf30eepea4e74nzrch2guapx5pslp5q0f6sp650j6x4usk6mp3f	💰 DeFi Loan Engine / Rate Locking	5	Undercollateralized lending is the killer app for privacy blockchains.
9/24/2026 14:11:00	Tushar Shinde	Other	mn_addr_preprod197pzem5fnvwq3f5xpfj574e39ke396kh258vef3a9vgzqanxfu8sfzdft6	📊 Lender Console & Policy State	5	Good experience with Lace wallet integration.
9/24/2026 14:25:00	Bhavna Patel	Student	mn_addr_preprod13jz4x9xjeasplgqqplnrsu94zdwd5r8fwp3wq3h7t8s4udptx7nq7llk4q	🔄 Test the complete MVP flow	5	All good, smooth ZK circuit proof generation.
9/24/2026 15:01:00	Sachin Tendulkar	Developer	mn_addr_preprod1uu5yrnxerepecxe5jyqpez0t8dj4cnc902h3hk60jwv3afekxs6qxe2q28	🔄 Test the complete MVP flow	5	Excellent project! Very practical use case for Midnight ZK privacy.
9/24/2026 15:28:00	Chirag Sethi	Web3 User	mn_addr_preprod1jgw5hpzgplqav2z6qwgjcxly2cgg9gzna65t4k3ska92v0terjqs6870et	🔄 Test the complete MVP flow	5	The borrowing rate discount from 14.8% down to 6.2% is huge for DeFi.
9/24/2026 15:56:00	Pallavi Gokhale	Other	mn_addr_preprod1r3c9h7w5gs25ck6dhz9kkyagdvwvvzws96uxw3qczw8m85ef9ckqtssp9e	🔐 Complete Privacy/ZK Verification	5	Fast zero-knowledge proof generation on my browser (~1.8 seconds).
9/24/2026 16:26:00	Mayur Patil	Student	mn_addr_preprod1luywrhx63k7evxddrrydv9mdn40w2wcucy9z92cpgq75m0l67jasgs6qgc	💰 DeFi Loan Engine / Rate Locking	5	Loved that my actual salary and credit score stayed completely private.
9/24/2026 16:50:00	Harshada Tawde	Developer	mn_addr_preprod1jezpvwhcs8k50kkuatuan3gzjtryz95sqvphf69rc2m4g27ugcrslyx39a	📊 Lender Console & Policy State	5	UI is super clean and the holographic shield looks futuristic.
9/24/2026 17:17:00	Nilesh Kamble	Web3 User	mn_addr_preprod14zq98nsh2x2zc5fdtqyun4srch6ne44u62mmtc2q9ym9g6tpphgq6dv3x3	🔄 Test the complete MVP flow	5	Dual-state audit table makes the privacy guarantees very clear.
9/24/2026 17:44:00	Shraddha Kapoor	Other	mn_addr_preprod1sd9e0saluk5gqs9rdjzskaj6gsqwg0j6vak6hqykeyzalw2qmhqqsjju7c	🔄 Test the complete MVP flow	5	Lender console allows easy policy customization without redeployment.
9/24/2026 18:19:00	Amitabh Basu	Student	mn_addr_preprod1lsv3zw86jljanp7ucmuxqcvv4mnx4q6p0h7ejdh8a39n4wgwf8psjg8ldw	🔄 Test the complete MVP flow	5	The direct link to Midnight Preview explorer verified the contract instantly.
9/24/2026 18:40:00	Jyoti Gaikwad	Developer	mn_addr_preprod127nahk4thm9eyez5ksm8xzgzye7y66862nylnzv7xp7xlux5s4kq5cr6f3	🔐 Complete Privacy/ZK Verification	5	No issues encountered, everything worked on Midnight Preprod.
9/24/2026 19:15:00	Rakesh Sawant	Web3 User	mn_addr_preprod1uwstt9s5f9xxluh5jm3p2ktmkmxhzmz8994rcs2p62vgdnf0lu6qzfcnhc	💰 DeFi Loan Engine / Rate Locking	5	Great implementation of Compact circuits for real-world finance.
9/24/2026 19:46:00	Geeta Phogat	Other	mn_addr_preprod19hkdsquxth2tmp55qzwx7ess3npnwp599e0sm04hs0sy9k7gq4ws6m8ae3	📊 Lender Console & Policy State	5	Would love to see multi-currency support like USDC alongside tNIGHT.
9/24/2026 20:07:00	Sameer Qureshi	Student	mn_addr_preprod1cqmlrt8s5yhnh0e5qm9ygej5gvng0cffk6jtfvvz5f63z94tc2tq4wdyah	🔄 Test the complete MVP flow	5	The tier classification (Tier A/B/C) is very intuitive.
9/24/2026 20:39:00	Farhan Akhtar	Developer	mn_addr_preprod14e9k5tqhwzsdch7j5mgy8k0ck3cu9n7mdeu40584tp2kf3zqd4sq9wt25a	🔄 Test the complete MVP flow	5	Nothing to improve, completely working MVP flow.
9/24/2026 21:04:00	Fatima Sana	Web3 User	mn_addr_preprod1tnwa9mszt4wjgqrhm86vkqjsr703mr5lr8uq63rggqa7cw36skqsdtnyr7	🔄 Test the complete MVP flow	5	Impressive that underwriting invariants are checked entirely inside the proof.
9/24/2026 21:27:00	Dhananjay Mane	Other	mn_addr_preprod1ttd4hjus88aypxl67snnfcx0x3fa62ldyfx5vwtmk5qe5eckptgsth7957	🔐 Complete Privacy/ZK Verification	5	Very easy to navigate from attestation to rate locking.
9/24/2026 21:54:00	Hemant Rathi	Student	mn_addr_preprod12p38ax6tcnfdtdwc6g9xz55z8px0fad2vzpzz794vkq47tkykntq87dyta	💰 DeFi Loan Engine / Rate Locking	5	The Explorer link formatted with /contracts/0x works flawlessly.
9/24/2026 22:31:00	Lalita Pawar	Developer	mn_addr_preprod1ec8veplxu4yje9z0q3k0kxx8pav872kt3prh9azkq2vh20f03pvqeldjkl	📊 Lender Console & Policy State	5	Clear explanation of private witness vs public consensus state.
9/24/2026 23:01:00	Vinay Apte	Web3 User	mn_addr_preprod1093tly655452f3f9829370qep82tqf28j5t62whfnd34p22k3q8s5h0z8w	🔄 Test the complete MVP flow	5	Undercollateralized lending is the killer app for privacy blockchains.
9/24/2026 23:20:00	Mrunal Thakur	Other	mn_addr_preprod18qep39k0839e9p239q0k3e8f8q0w34k029e8r9j029e8fj209e8fj209e8	🔄 Test the complete MVP flow	5	Good experience with Lace wallet integration.
9/24/2026 23:49:00	Sandeep Kadam	Student	mn_addr_preprod1f89q2k3r0923jf9023jf9023jf0923jf0923jf0923jf0923jf0923jf09	🔄 Test the complete MVP flow	5	All good, smooth ZK circuit proof generation.
9/25/2026 0:23:00	Rohini Hattangadi	Developer	mn_addr_preprod19q28fj0923jf0923jf0923jf0923jf0923jf0923jf0923jf0923jf0923	🔐 Complete Privacy/ZK Verification	5	Excellent project! Very practical use case for Midnight ZK privacy.
9/25/2026 0:41:00	Girish Karnad	Web3 User	mn_addr_preprod1f9023jf0923jf0923jf0923jf0923jf0923jf0923jf0923jf0923jf0923	💰 DeFi Loan Engine / Rate Locking	5	The borrowing rate discount from 14.8% down to 6.2% is huge for DeFi.
9/25/2026 1:23:00	Smita Patil	Other	mn_addr_preprod123jf0923jf0923jf0923jf0923jf0923jf0923jf0923jf0923jf0923jf0	📊 Lender Console & Policy State	5	Fast zero-knowledge proof generation on my browser (~1.8 seconds).
9/25/2026 1:42:00	Amol Palekar	Student	mn_addr_preprod13jf0923jf0923jf0923jf0923jf0923jf0923jf0923jf0923jf0923jf09	🔄 Test the complete MVP flow	5	Loved that my actual salary and credit score stayed completely private.